[{"url": "https://m.facebook.com/", "bgcolor": "#3B5998", "imageurl": "android.resource://org.mmm.fff/drawable/suggestedsites_facebook", "title": "Facebook"}, {"url": "https://m.youtube.com/", "bgcolor": "#DB2532", "imageurl": "android.resource://org.mmm.fff/drawable/suggestedsites_youtube", "title": "YouTube"}, {"url": "https://www.amazon.com/", "bgcolor": "#FFFFFF", "imageurl": "android.resource://org.mmm.fff/drawable/suggestedsites_amazon", "title": "Amazon"}, {"url": "https://www.wikipedia.org/", "bgcolor": "#000000", "imageurl": "android.resource://org.mmm.fff/drawable/suggestedsites_wikipedia", "title": "Wikipedia"}, {"url": "https://mobile.twitter.com/", "bgcolor": "#1DA1F2", "imageurl": "android.resource://org.mmm.fff/drawable/suggestedsites_twitter", "title": "Twitter"}, {"url": "https://support.mozilla.org/kb/controlledaccess", "restricted": true, "imageurl": "android.resource://org.mmm.fff/drawable/suggestedsites_restricted_fxsupport", "title": "Firefox Help and Support for restricted profiles on Android tablets", "bgcolor": "#FF9400"}, {"url": "https://webmaker.org/", "restricted": true, "imageurl": "android.resource://org.mmm.fff/drawable/suggestedsites_webmaker", "title": "Learn the Web: Mozilla Webmaker", "bgcolor": "#5B6C86"}, {"title": "The Mozilla Project", "url": "https://www.mozilla.org", "restricted": true, "imageurl": "android.resource://org.mmm.fff/drawable/suggestedsites_restricted_mozilla", "bgcolor": "#000000", "trackingid": "632"}]